{
  "FEATURE_COLS": [
    "log1p_GDP_current_usd",
    "log1p_Population_total",
    "log1p_Energy_use_kg_oil_pc",
    "Renewable_energy_pct",
    "LifeExp_years"
  ],
  "tiers": {
    "High": [
      0.48108774423599243,
      0.2419130802154541,
      0.13862809538841248,
      0.09273325651884079,
      0.04563780874013901
    ],
    "Low": [
      0.2626330852508545,
      0.12677371501922607,
      0.15586347877979279,
      0.352565735578537,
      0.10216397792100906
    ],
    "Medium": [
      0.1241283118724823,
      0.08870835602283478,
      0.2365683913230896,
      0.3354339897632599,
      0.21516099572181702
    ]
  },
  "global": [
    0.5517727732658386,
    0.1858874410390854,
    0.09776955097913742,
    0.1440209001302719,
    0.020549356937408447
  ]
}