Country,Year,co2_pc_total
Qatar,2021,35.587357
Bahrain,2021,26.66372
Kuwait,2021,24.972098
Trinidad and Tobago,2021,23.677599
Brunei Darussalam,2021,23.532003
