Country,Year,co2_pc_total
Qatar,2021,35.587357
Kuwait,2021,24.972098
Brunei Darussalam,2021,23.532003
United Arab Emirates,2021,21.792151
Russia,2021,12.09865
