Country,Year,co2_pc_total
Nigeria,2021,0.641921
Pakistan,2021,0.991834
India,2021,1.925088
Bhutan,2021,1.957702
Indonesia,2021,2.262175
